spec,att,se,siniestros_evitados_total,valor_cop_mean,valor_cop_median,valor_anual_pleno_mean
principal_never_treated,-0.4283181030539248,0.13140770904256938,1890.6260891472377,5700720668.889817,2519529623.3194423,1260144079.7848384
excluir_anio_2020,-0.45153359117417474,0.13540176505418372,1993.1008787941896,6009708339.55293,2656091934.4189253,1328445792.2398105
not_yet_treated,-0.4359853672959907,0.13514678348884437,1924.4699302202137,5802768496.023293,2564631381.2184563,1282701747.9615881
