expense_ratio,loss_ratio,combined_ratio,resultado_tecnico,escenario_siniestralidad
0.2,0.5515520878152654,0.7515520878152655,7145945924.34122,base
0.25,0.5515520878152654,0.8015520878152654,5707828400.73172,base
0.3,0.5515520878152654,0.8515520878152654,4269710877.1222205,base
0.2,0.7503768551641489,0.9503768551641489,1427278283.3009953,adverso
0.25,0.7503768551641489,1.000376855164149,-10839240.308504505,adverso
0.3,0.7503768551641489,1.0503768551641488,-1448956763.9180043,adverso
