type,egt,att,se,ci_low,ci_high,z,significant_95,spec,yname
group,2019,-0.43940445638594156,0.253611365513265,-0.9364827327919409,0.05767382002005789,-1.7325897658279779,0,principal_never_treated,frecuencia_x100
group,2020,-0.4255240670832058,0.2584094294317594,-0.9320065487694541,0.08095841460304254,-1.6467048745819004,0,principal_never_treated,frecuencia_x100
group,2021,-0.6263980134542737,0.21468575699641052,-1.0471820971672383,-0.2056139297413091,-2.917743693004967,1,principal_never_treated,frecuencia_x100
group,2022,-0.12857247469654604,0.25496962120228756,-0.6283129322530296,0.3711679828599376,-0.5042658575961853,0,principal_never_treated,frecuencia_x100
